No,UHH
1,63.58082448303069
2,61.15864514933915
3,62.03812394749339
4,61.26186930392853
5,61.26186930392853
6,61.92299293615735
7,61.128029959259145
8,61.128029959259145
9,61.92299293615735
10,61.92299293615735
11,61.03802995925915
12,61.23698544495175
13,61.88644531710972
14,62.037365673556394
15,61.387041255277545
16,62.01865734022307
17,61.54577422333995
18,61.48306748634088
19,61.564482556673276
20,61.54577422333995
21,61.61150657911847
22,60.94874688298315
23,61.06056506480133
24,60.82030835170767
25,61.35175831111207
26,60.7614774545099
27,60.80393991697236
28,60.80393991697236
29,61.335389876376766
30,61.31668154304343
31,60.836741939672514
32,61.00702765395822
33,60.98831932062489
34,60.47557769455382
35,60.72040418020974
36,60.43440418020974
37,59.92166255413868
38,59.84522502614943
39,60.37667498555383
40,60.357966652220504
41,60.32338927126811
42,59.49944382528052
43,59.73869936093928
44,59.54429106820154
45,61.317285244073425
46,60.917670855833066
47,61.45912081523748
48,61.24399349476017
49,61.44041248190415
50,61.46791248190415
51,61.46791248190415
52,61.87864649200387
53,61.1688751084167
54,60.762736411098686
55,59.78954286195071
56,59.819591120417584
57,60.2384928213551
58,59.7403759776427
59,60.28857412216812
60,59.590020104489184
61,59.76990858073503
62,62.72054384829012
63,60.207948256554246
64,60.66745377151421
65,60.356948256554254
66,60.81645377151422
67,64.89335538392677
68,65.57630835289369
69,60.447544045108664
70,60.78698936618773
71,60.357872215787275
72,63.84412939093432
73,60.81774360988753
74,60.597329580128346
75,60.75107694322086
76,60.83003324894978
77,60.99190267776999
78,61.12711394537563
79,60.83003324894978
80,64.23042840776479
81,61.12711394537563
82,64.73068221774884
83,61.82993614774017
84,60.22981395583685
85,61.82993614774017
86,61.448092789921354
87,61.29531501214358
88,60.94756806877163
89,61.344829320753036
90,63.824153200458134
91,61.03358942731506
92,62.04044150732806
93,61.86285498927814
94,62.15429194020234
95,62.538499942772596
96,62.268236039581225
97,62.671152375484816
98,62.30181498694965
99,63.81431533868638
100,62.81473132285324
101,64.18342420108951
102,62.796022989519905
103,62.30181498694965
104,63.81431533868638
105,59.23576420696091
106,63.41927275901308
107,64.20651684313894
108,63.38327275901309
109,63.53610336644713
110,63.88827572528004
111,64.0154280378148
112,64.67551980940588
113,60.22298567810299
114,64.05981466604743
115,63.842087489985914
116,62.7548197582274
117,64.05981466604743
118,60.659321866835974
119,63.94409963664737
120,64.73134372077322
121,64.19906819201923
122,64.19906819201923
123,63.98712993967767
124,64.0420812800568
125,64.22339016171618
126,63.98712993967767
127,64.24209849504952
128,64.22339016171618
129,63.91360498933936
130,63.87391150274932
131,63.87391150274932
132,63.81751703563528
133,63.81751703563528
134,64.03479356813499
135,63.81751703563528
136,63.81751703563528
137,64.04518349370787
138,64.14932142474235
139,64.25441763968867
140,64.3955893956795
141,64.54543851986234
142,64.43328141855163
143,64.3955893956795
144,63.75501890986152
145,63.717326886989376
146,63.680858678962586
147,64.07290687553493
148,63.24804817830198
149,63.64316665609044
150,63.40858376706014
151,63.64143623499639
152,63.55011707387838
153,63.78296954181463
154,63.55011707387838
155,63.89577257211766
156,64.003658091702
157,63.96596606882985
158,64.11059889840708
159,63.150310083063886
160,63.607012215370816
161,63.680858678962586
162,64.11059889840708
163,64.07290687553493
164,63.607012215370816
165,64.21643673624492
166,64.17874471337277
167,63.67898301568494
168,63.67898301568494
169,64.23559827939393
170,64.23559827939393
171,64.23559827939393
172,63.3613203465155
173,63.968993587352344
174,63.34389211475077
175,63.50468129296776
176,63.98925737845976
177,63.24804177461471
178,62.5175916183653
179,63.31204834878489
180,62.26668041462971
181,62.320465136073956
182,62.472864042381886
183,62.82895827118679
184,63.05496521485325
185,62.82895827118679
186,62.82895827118679
187,63.341275831326556
188,63.0486481919811
189,62.768929517193186
190,62.768929517193186
191,62.98861943798749
192,62.768929517193186
193,62.506715561794024
194,62.994936460859634
195,62.98861943798749
196,62.768929517193186
197,62.82986792020042
198,62.768929517193186
199,62.98861943798749
200,63.04262561918993
201,62.768929517193186
202,62.98861943798749
203,62.916405482588345
204,62.768929517193186
205,62.768929517193186
206,62.71037396163762
207,62.851573212996385
208,62.60071709889253
209,62.80588693848658
210,62.79956991561444
211,62.600166380410194
212,62.371128579615004
213,61.835483612018436
214,62.201794031322635
215,62.2554770084505
216,62.26152378963089
217,62.447810015033404
218,63.2455367223729
219,62.58542906265246
220,60.53130606620805
221,63.17234468384622
222,63.2455367223729
223,63.29921969950076
224,62.19838491996702
225,62.76167035032157
226,61.93084765646245
227,62.33594253289844
228,62.492275866231786
229,61.78472619666267
230,62.199502169547905
231,62.298770733385524
232,62.462635955417966
233,62.07891815274012
234,62.381683574465576
235,62.66435871182821
236,62.82187536035566
237,62.5510399817082
238,62.82187536035566
239,62.585446788927094
240,62.5510399817082
241,62.585446788927094
242,62.808192383227805
243,62.808192383227805
244,62.585446788927094
245,62.8235981571992
246,62.709046019548374
247,62.73463921232949
248,62.73463921232949
249,62.590334767885054
250,61.81269852220608
251,61.11540999455707
252,61.75822467348442
253,61.77763256938953
254,61.52530159656134
255,60.08637704122638
256,61.78947320244906
257,61.21400434503651
258,61.78947320244906
259,61.68138109835418
260,61.78947320244906
261,61.68138109835418
262,61.78947320244906
263,61.97626807424393
264,61.93159988202426
265,61.51316676915744
266,61.62125887325233
267,61.62125887325233
268,61.51316676915744
269,61.62125887325233
270,61.51316676915744
271,61.75392553991899
272,61.75392553991899
273,61.812515412857095
274,61.99887903012482
275,61.97746890306293
276,61.64583343582411
277,61.64583343582411
278,61.97746890306293
279,62.289753095972955
280,62.45470658617879
281,62.37465329957038
282,62.10118166740153
283,62.26613515760736
284,62.18608187099895
285,62.26613515760736
286,61.66248452157604
287,62.17960047082033
288,62.23499326951101
289,62.321527956298034
290,62.44981017281421
291,62.45345593318766
292,62.45345593318766
293,62.54345593318766
294,62.45333688556862
295,62.686653445659005
296,62.455003552235276
297,62.455003552235276
298,62.63832011232567
299,62.50592581551475
300,62.41002530668412
301,62.645732377391184
302,62.645732377391184
303,61.95332867570193
304,60.845270781107914
305,61.172364603081775
306,60.845270781107914
307,60.845270781107914
308,62.430553072770856
309,61.711153143924356
310,62.47960534218422
311,61.87549953098479
312,61.87549953098479
313,62.12946816612323
314,62.82951182216889
315,62.65286032519596
316,62.82951182216889
317,62.73361131333826
318,63.15998482905539
319,63.08126004089984
320,62.62562236976929
321,63.08126004089984
322,64.44755873934955
323,54.84553026997051
324,55.086127044164066
325,54.759109308783046
326,55.07094264211638
327,54.281588017209
328,55.55168181960556
329,55.396787872247636
330,54.699093511454166
331,54.749950654311306
332,56.729743736777536
333,56.71974373677754
334,56.046421055486846
335,54.777371385631994
336,55.695162926019414
337,55.12456635677433
338,55.5897847747589
339,55.547285698404224
340,54.71069679108303
341,54.75913238921176
342,55.07274315539677
343,56.00292832690284
344,55.07274315539677
345,55.513896305345654
346,55.95568624160619
347,54.34389192856786
348,54.09818386772347
349,54.345619100653494
350,54.58502348199625
351,54.49252819156258
352,54.49252819156258
353,54.28345481924933
354,54.49252819156258
355,54.20407981924933
356,54.57443750810331
357,54.57443750810331
358,54.57443750810331
359,54.31198310849585
360,54.259261978540714
361,55.86256440084764
362,54.8256464441701
363,54.19334271468244
364,54.8256464441701
365,54.19334271468244
366,54.8256464441701
367,54.8256464441701
368,55.89526182764445
369,55.858063246084164
370,54.8256464441701
371,55.88233104030545
372,55.858063246084164
373,54.277775468168066
374,54.834821047344704
375,54.834821047344704
376,54.30673299712559
377,54.834821047344704
378,54.36572393725512
379,54.81922720727932
380,54.81922720727932
381,55.694994703732874
382,54.81922720727932
383,54.81922720727932
384,54.907923034271235
385,54.81922720727932
386,55.74349530379287
387,54.764525860479345
388,54.412820916451174
389,54.264525860479345
390,53.45191603419597
391,53.871999481154546
392,54.00655388201264
393,52.4253660208924
394,54.242253133206624
395,53.91002361761831
396,53.44707091645116
397,53.38680547694088
398,54.2005088418525
399,53.54214328779487
400,52.58016580682213
401,54.16795672466537
402,53.52959117060774
403,54.586858328796545
404,54.31331721388594
405,53.55231196322819
406,54.45618477023973
407,54.71980711927377
408,53.87938976039822
409,54.7550056238172
410,55.69357402141699
411,54.2903110300663
412,54.49599637979372
413,54.0684782612261
414,54.739807080608045
415,54.42378247381666
416,53.646702986935196
417,52.823449582695375
418,53.09047942941681
419,53.74291662116191
420,52.924254055999846
421,54.23921680218225
422,54.65014064056157
423,54.65014064056157
424,54.31957412398302
425,54.31957412398302
426,54.69330342954783
427,55.65418820863735
428,54.82750646355713
429,54.53103570639911
430,54.52635576812151
431,54.446696861189984
432,54.55369741057845
433,54.75006680805446
434,54.60029963285021
435,54.85836738663013
436,54.73571861371294
437,54.54319963285021
438,54.54319963285021
439,54.62392295291537
440,56.27778697801832
441,54.65263861980176
442,51.5481440435785
443,54.65263861980176
444,56.29337677846178
445,56.29337677846178
446,55.84598286097362
447,54.594721414636496
448,56.47562636753114
449,54.63603196284677
450,54.59046674545547
451,54.59046674545547
452,56.331614128259474
453,55.97621525044451
454,56.28041449351369
455,55.137162409884944
456,55.20951553412744
457,56.69161609168421
458,56.94734607885681
459,55.14387135696623
460,55.35867175570109
461,57.04524457773143
462,55.4608122785769
463,56.83763673459419
464,56.82981457123087
465,53.37699776489191
466,54.17243803821221
467,53.821185960981886
468,54.44443318258203
469,55.25701641784527
470,53.9991523324923
471,54.351010301590875
472,54.86986258025204
473,54.31524765949398
474,55.4545004659549
475,54.79035905839965
476,54.79035905839965
477,54.73510608220918
478,55.18715583046216
479,54.77443941554251
480,54.6413420129451
481,55.18715583046216
482,55.40245887842138
483,56.44020497439603
484,55.87564554213705
485,55.970132260428564
486,54.55253074159935
487,55.707482345079946
488,55.02473334275461
489,55.44622194323458
490,56.153375456432414
491,54.96509436158485
492,55.57984978854143
493,55.57984978854143
494,54.111013481410126
495,54.11103866933573
496,53.46037891861409
497,54.402077796874856
498,54.46704150937539
499,54.52647150456161
500,51.83654480476976
501,55.80520353423328
502,55.66385621994676
503,52.606361335199544
504,50.14792424627142
505,52.665190149082484
506,49.86123391496649
507,49.66160296258553
508,52.21518551766301
509,49.66160296258553
510,49.90851622789166
511,51.535353832131825
512,49.85657709219019
513,52.061569540517155
514,51.91625885278927
515,51.79156954051716
516,52.118434177464586
517,49.59240268369052
518,49.49035681724571
519,51.87587530448397
520,52.15804946524093
521,49.51895896778335
522,49.505377720851584
523,50.299131637255506
524,49.12860424917445
525,49.12860424917445
526,49.12860424917445
527,51.48478251146162
528,49.0154640268237
529,48.41850459830407
530,48.20758956562433
531,48.26620657647378
532,48.3272834995507
533,49.62595339343156
534,50.60758780840641
535,50.600712526764546
536,49.74079042561436
537,48.47039589597561
538,48.3143980937778
539,50.08583595624915
540,50.350542939245315
541,50.97410606603654
542,48.35476753504886
543,50.92223106603654
544,48.45361012925621
545,48.57985785645665
546,48.44585785645664
547,50.92583350864461
548,47.991585369493436
549,48.13714937430885
550,48.42415590453431
551,48.54077851309191
552,48.76201856943293
553,51.38467367606931
554,48.54077851309191
555,48.591070281194355
556,51.186182915548535
557,48.713013803649204
558,48.49652269821324
559,50.718556603948485
560,49.60007212493964
561,49.44509523678585
562,50.25682034009336
563,49.382944340818256
564,51.858634830599215
565,51.88435408242958
566,51.69190561849823
567,51.5632178356928
568,49.94821827114177
569,51.450658311883274
570,49.65322000506054
571,48.527597520648214
572,48.286091670845124
573,48.38790318047788
574,51.09508758605679
575,48.1617838751462
576,48.34427185701468
577,51.14453783679156
578,48.219512158178084
579,47.94035574964996
580,47.94035574964996
581,47.94035574964996
582,48.173197019491234
583,49.86676331243012
584,47.08539976119397
585,47.65974347643312
586,49.95616039384334
587,47.926875726535975
588,47.926875726535975
589,48.050805169204224
590,48.091696944096
591,50.876427252235324
592,70.84060686766314
593,66.50337991222405
594,59.801056546033784
595,58.727723212700454
596,62.01803034372301
597,62.01803034372301
598,66.60708750750592
599,66.73940893607734
600,63.79659204556154
601,63.65688259952692
602,65.98787359413292
603,61.567582807556576
604,66.99377953606715
605,64.59386096544162
606,67.63963629011695
607,57.414162612981855
608,60.73662345096332
609,64.46471721562558
610,58.628173029801104
611,60.48866251711966
612,63.75995134260972
613,63.487729120387506
614,64.2623586926967
615,60.93921712556257
616,65.1653572527706
617,61.528047563941406
618,65.1853572527706
619,65.1853572527706
620,65.7744895247384
621,65.7744895247384
622,67.47332419007307
623,65.46402316259486
624,59.072530200107536
625,66.10022343881849
626,63.562615444325964
627,63.93208068496768
628,63.45704998498659
629,63.94966401830101
630,63.94966401830101
631,62.03752659227478
632,61.56336064314728
633,64.23030183881383
634,64.23030183881383
635,60.25700830042742
636,64.30230183881383
637,60.88803703996479
638,63.874670694764085
639,61.6476939764806
640,63.537317753587615
641,63.27931775358762
642,63.574708655083775
643,60.4531063396431
644,62.18774227854929
645,65.02673838526646
646,60.6731063396431
647,64.99493529807413
648,60.6731063396431
649,60.4531063396431
650,65.50668578205207
651,60.10184763205194
652,62.25142063450705
653,62.25142063450705
654,65.50668578205207
655,62.25142063450705
656,61.73803899910504
657,60.43876998971851
658,60.971768114928146
659,66.45093712029573
660,66.23808526844388
661,65.74891697840059
662,65.33964966238327
663,66.3136271412102
664,62.883037973613106
665,65.99254544186378
666,63.043908575319726
667,63.80872667367564
668,63.18582988675848
669,66.39820762352959
670,63.257221137052646
671,66.2644576235296
672,66.50419329924915
673,66.38958053793786
674,62.655885974785335
675,63.911672173710905
676,64.5520471737109
677,64.74428160594533
678,64.95428160594534
679,64.88628160594533
680,65.08828160594533
681,65.73048581932602
682,64.09093041546913
683,64.95485393820476
684,65.11254624589708
685,65.18376204106681
686,62.886313709480454
687,65.4154531976914
688,63.32937196519842
689,63.32937196519842
690,62.800301486482965
691,66.98638027798029
692,66.85176017007875
693,62.995595531650125
694,66.78981488132494
695,66.99463905714912
696,63.27321995204492
697,62.74799235704694
698,65.93046632526675
699,65.8494406842411
700,65.8494406842411
701,63.26868420295828
702,63.731464885657786
703,63.47616659706933
704,65.10194659166513
705,62.35058099032908
706,65.33194659166513
707,62.23876478208651
708,65.33194659166513
709,62.304777693614085
710,62.49135830125344
711,62.48237711961948
712,63.13215046108088
713,63.025755626454675
714,63.10338847669622
715,63.014672200211315
716,62.948277365585106
717,65.72946607733263
718,63.014672200211315
719,62.948277365585106
720,65.65690510172287
721,62.88197523051434
722,66.05421678807929
723,65.80165065808961
724,65.84219040155871
725,64.03199261269532
726,64.73126419160246
727,64.63380050311507
728,65.63401042875374
729,64.73126419160246
730,65.51807025781355
731,65.51807025781355
732,64.77224821783993
733,66.39412597266137
734,66.42412597266137
735,66.42412597266137
736,65.84761416165753
737,65.85608490791923
738,64.20987819111009
739,62.29353763577153
740,63.980193506425415
741,61.331694208837426
742,63.23039644020027
743,62.20020430243819
744,64.07496273719465
745,61.47909993385954
746,63.26516567096951
747,63.16104802391069
748,63.724962737194645
749,63.86691794610202
750,64.73458007835357
751,62.30772521152641
752,64.79458007835358
753,63.52849647707633
754,63.74025127943536
755,64.943151506925
756,59.42720537221804
757,64.90667531644881
758,64.52097708473309
759,63.40909512716078
760,64.31883422759023
761,63.72928130206883
762,64.70413286159689
763,64.22337540806535
764,63.69780694309446
765,62.52897663991284
766,62.96604747821877
767,63.29784276904524
768,63.439242769045244
769,64.14343488272036
770,62.774233573737156
771,64.38357786985635
772,64.13989096027471
773,64.87991897702022
774,63.02110864778667
775,63.70055879488349
776,63.55528073556801
777,65.11606160073639
778,65.11606160073639
779,65.11606160073639
780,65.11606160073639
781,64.69378333420005
782,62.80138690656492
783,63.05850315910769
784,61.23001750438217
785,62.536117663696025
786,64.60560151601823
787,64.70826818268489
788,63.2208581714087
789,64.58329775257738
790,64.61073364295818
791,64.7460387880047
792,63.48189490956102
793,64.68961021657613
794,64.68961021657613
795,64.80417431914024
796,63.650583590575295
797,60.11897631746001
798,60.11897631746001
799,63.110013430699155
800,65.03888938824748
801,60.912395236378934
802,62.62517927565009
803,61.85000593372811
804,65.47862626848436
805,62.98294850641932
806,65.29801757283218
807,64.91523663739277
808,64.65758847887284
809,61.47872760094977
810,64.4053799466643
811,64.1550700892037
812,64.20530085843448
813,64.00139971158143
814,64.09101550105511
815,64.08632105661067
816,63.59540527084606
817,63.926394281835066
818,62.253783716066856
819,63.824776710339655
820,63.925994281835074
821,64.43018707284035
822,63.18596597962268
823,64.33118707284035
824,65.6396544254047
825,65.29746319195905
826,65.4376128092794
827,66.12294614261273
828,65.856246407163
829,65.706246407163
830,65.706246407163
831,65.94769085160745
832,65.98935751827412
833,65.02116578773166
834,64.35148955057014
835,64.35148955057014
836,64.35148955057014
837,63.12776250616205
838,64.35148955057014
839,65.07027742935801
840,65.50709115484823
841,63.228717051616606
842,64.82394829770536
843,63.180391639691976
844,63.327050384949935
845,63.836915944242136
846,67.23107641705842
847,62.92759789567183
848,62.02990740107151
849,62.55340438996659
850,62.536231775604655
851,62.74485751770524
852,62.77191359378648
853,61.97401650109289
854,62.061268255393585
855,62.14476195287258
856,62.01073931740705
857,61.82895815134164
858,62.01931074597848
859,62.01931074597848
860,62.01931074597848
861,62.806694331081665
862,62.624877416840725
863,62.18092958410866
864,60.10727119630107
865,59.31859157573804
866,59.50933468896009
867,60.796563691186755
868,62.490002499212984
869,60.66298491765602
870,60.34375868290818
871,60.269753384169206
872,60.269753384169206
873,60.269753384169206
874,60.97695082006664
875,60.97695082006664
876,61.1051896161716
877,61.215868921068925
878,61.017706424867654
879,60.86525712501791
880,61.017706424867654
881,61.18768493379427
882,60.991522437593005
883,61.990717643872806
884,61.74232591231923
885,61.63308717692663
886,61.74232591231923
887,61.69094431978378
888,61.74232591231923
889,61.69094431978378
890,61.84314651032588
891,61.82262206064756
892,61.77647999523006
893,61.81299541142478
894,61.77647999523006
895,61.81299541142478
896,61.81299541142478
897,61.81299541142478
898,61.77647999523006
899,61.8782392644285
900,61.91272524203106
901,62.02888890655186
902,61.87643960670212
903,62.02888890655186
904,61.36655240131492
905,61.36655240131492
906,61.565574281263515
907,61.66122392338687
908,61.59377193783331
909,61.59377193783331
910,61.51948689998998
911,61.59377193783331
912,61.59377193783331
913,61.59377193783331
914,61.68942157995666
915,61.59377193783331
916,61.59377193783331
917,61.59377193783331
918,61.59377193783331
919,61.59377193783331
920,61.68942157995666
921,61.68942157995666
922,61.81133452169377
923,61.67467519717101
924,61.81133452169377
925,61.737049483850434
926,61.81133452169377
927,62.16063749723947
928,61.906984163817135
929,61.906984163817135
930,61.906984163817135
931,61.62839973908507
932,61.72404938120843
933,61.43719719308479
934,61.532846835208154
935,60.756180168541476
936,61.03638666390959
937,60.96203630603294
938,62.72705329602019
939,60.87276347550378
940,60.96203630603294
941,61.193178662506796
942,60.65617594936426
943,61.13443298858477
944,61.858778522782934
945,61.3334029600501
946,61.46097438862152
947,60.71653879952406
948,61.06288471895725
949,60.54154527708579
950,61.46097438862152
951,61.93616247952896
952,61.06288471895725
953,61.06288471895725
954,61.46097438862152
955,61.06288471895725
956,60.54154527708579
957,61.386421651638884
958,61.386421651638884
959,61.64357520665022
960,60.144100919398326
961,61.100793089831676
962,60.22573897829594
963,60.93497611346457
964,60.413636671593125
965,61.16386498525652
966,60.93497611346457
967,61.24687115952286
968,61.093366903115545
969,61.24648185269443
970,61.24687115952286
971,61.162620391487636
972,62.2881748136297
973,62.2881748136297
974,62.2881748136297
975,62.13062215165507
976,61.880888595605704
977,61.43599842563088
978,61.24986527161737
979,61.278445763656265
980,59.74323761307493
981,61.48085063685337
982,61.89915567050151
983,61.74160300852687
984,61.48085063685337
985,61.48085063685337
986,61.52465329882798
987,61.367100636853365
988,61.243367080804
989,61.47871470233676
990,61.197428484312766
991,61.47871470233676
992,61.47871470233676
993,61.47871470233676
994,61.32116204036213
995,61.47871470233676
996,61.47871470233676
997,61.32116204036213
998,61.197428484312766
999,61.197428484312766
1000,61.32116204036213
1001,61.197428484312766
1002,61.32116204036213
1003,61.197428484312766
1004,61.48230359587047
1005,61.47871470233676
1006,61.47871470233676
1007,61.32116204036213
1008,61.428448519638636
1009,61.27089585766401
1010,61.14716230161464
1011,61.428448519638636
1012,61.27089585766401
1013,61.14716230161464
1014,61.14716230161464
1015,61.049788549635615
1016,61.36068444859583
1017,61.0397885496356
1018,61.22097195241368
1019,61.020033647674815
1020,61.020033647674815
1021,61.340929546635046
1022,61.22097195241368
1023,61.020033647674815
1024,61.340929546635046
1025,61.020033647674815
1026,60.78090119692362
1027,60.42000529796341
1028,60.42000529796341
1029,60.42000529796341
1030,61.2589131155497
1031,60.94757329749307
1032,61.88288584282243
1033,62.02874517159737
1034,61.5715460247658
1035,60.817746653284715
1036,60.817746653284715
1037,60.676513773349896
1038,60.676513773349896
1039,60.60611226003214
1040,60.417773855393186
1041,60.676513773349896
1042,60.417773855393186
1043,60.676513773349896
1044,60.60611226003214
1045,60.417773855393186
1046,60.676513773349896
1047,60.417773855393186
1048,60.67837502992982
1049,60.854153913274395
1050,60.67837502992982
1051,60.234258144021304
1052,60.4467448294613
1053,60.257591477354644
1054,60.52962272735464
1055,60.55507309148902
1056,60.234258144021304
1057,60.234258144021304
1058,61.659517160193275
1059,60.257591477354644
1060,61.51092098947664
1061,60.46707309148902
1062,60.257591477354644
1063,60.46707309148902
1064,60.21707782016658
1065,60.54808400140704
1066,60.29200842470297
1067,60.37700335339735
1068,60.21707782016658
1069,60.29200842470297
1070,60.37700335339735
1071,60.512268519474326
1072,60.34719912401072
1073,60.68615060049331
1074,60.34719912401072
1075,60.54314747856617
1076,61.30286895263193
1077,60.378078083102565
1078,61.25979955716833
1079,60.3852384619186
1080,60.51472034401654
1081,60.51472034401654
1082,60.349650948552934
1083,60.10097432584958
1084,59.70869579764043
1085,59.54362640217681
1086,59.43458707905543
1087,60.30455646072285
1088,60.030447742137866
1089,60.52916214915207
1090,60.7433576991633
1091,60.561042320451364
1092,59.81393446037609
1093,60.449828034737074
1094,60.449828034737074
1095,60.45624914732488
1096,60.41317975186127
1097,60.27447376207324
1098,60.475614226689956
1099,60.43254483122635
1100,60.34567132594727
1101,60.41525213878523
1102,60.59848300002925
1103,61.07091203762175
1104,61.02784264215815
1105,60.93929488387354
1106,61.26378590590341
1107,61.018293247961346
1108,61.179013203799315
1109,61.04493762709523
1110,61.011511701169304
1111,60.86211908319463
1112,60.863794530012626
1113,60.821954060661675
1114,60.863794530012626
1115,60.97949345474382
1116,60.93765298539285
1117,61.13307971023168
1118,61.17037733652504
1119,61.33019216485035
1120,61.183877336525036
1121,61.33019216485035
1122,61.183877336525036
1123,61.56159675339593
1124,61.24880456007615
1125,61.26858577741794
1126,61.78920211738061
1127,61.06255629872155
1128,61.02117168333693
1129,61.95636269105515
1130,61.02117168333693
1131,61.99774730643976
1132,61.64821811183829
1133,61.06255629872155
1134,61.933539161643374
1135,60.99834815392517
1136,61.90753347578694
1137,60.97234246806874
1138,61.90753347578694
1139,60.97234246806874
1140,61.55800428118547
1141,62.320979275380104
1142,62.320979275380104
1143,62.320979275380104
1144,62.320979275380104
1145,62.320979275380104
1146,62.130354371657376
1147,61.387732215187235
1148,62.320979275380104
1149,61.387732215187235
1150,62.07529988715553
1151,61.234455660970774
1152,61.60417160149423
1153,59.237582081799
1154,60.60540934680831
1155,59.73329637402148
1156,58.955071214701796
1157,60.72635391694406
1158,59.73329637402148
1159,60.60540934680831
1160,60.60540934680831
1161,60.3989581871382
1162,60.26286876046398
1163,59.39075578767714
1164,60.05641760079388
1165,60.383813330599736
1166,60.645161419165795
1167,59.511700357812884
1168,60.383813330599736
1169,60.52156499457715
1170,60.61389336986319
1171,59.74178039707635
1172,59.839512104393414
1173,60.63249174384692
1174,61.312762475554244
1175,60.426040584176825
1176,60.60164058417683
1177,61.36796514472465
1178,61.135238187681196
1179,60.39894574393383
1180,61.42023744519413
1181,61.187510488150686
1182,59.38088915254667
1183,61.371104632694134
1184,61.3276600134434
1185,60.875785679573625
1186,60.21154590526837
1187,60.875785679573625
1188,60.81548460430482
1189,60.14041257193504
1190,60.886617937638135
1191,60.21154590526837
1192,61.02583834901575
1193,60.40265701637949
1194,61.01795127097147
1195,60.78878020478528
1196,60.78878020478528
1197,60.69670535022555
1198,60.94108035022555
1199,60.709830350225545
1200,60.46967555355416
1201,60.40845514217656
1202,59.88473269754426
1203,60.36390376373044
1204,58.71264566245057
1205,59.99585296404091
1206,58.56265213163955
1207,58.62387254301714
1208,59.86685252846493
1209,59.86685252846493
1210,59.86296179398377
1211,59.89855252846494
1212,59.89855252846494
1213,59.177614933112885
1214,60.5373998267159
1215,60.7423998267159
1216,60.01253801003596
1217,61.2456365742451
1218,60.94858290179562
1219,61.39963116587117
1220,62.74856940978508
1221,61.82021552107147
1222,61.07103329992101
1223,62.74856940978508
1224,62.766261717477384
1225,62.23522816789924
1226,61.44583722951589
1227,62.15542606048732
1228,62.15542606048732
1229,61.54472611840479
1230,62.15542606048732
1231,62.324117056788126
1232,61.53472611840479
1233,61.26183944242702
1234,61.26183944242702
1235,61.468109803807195
1236,60.67871886542386
1237,41.368449710113566
1238,41.238449710113564
1239,48.50183064785743
1240,48.53183064785743
1241,48.53183064785743
1242,46.62673757579321
1243,46.449011331418454
1244,45.411994558540464
1245,48.54708317310996
1246,47.46504611627731
1247,46.45901260148246
1248,48.11619934709478
1249,49.22572888690462
1250,47.39764149319947
1251,49.51000737290136
1252,51.56199046047037
1253,50.21735522133581
1254,51.1429432784666
1255,50.52873949695399
1256,50.83452469701157
1257,50.83452469701157
1258,48.710832723750215
1259,48.91760919645351
1260,49.77359482033765
1261,48.95903776788208
1262,50.737472024843655
1263,49.27988853802698
1264,47.98820773061567
1265,49.155467258630914
1266,48.689586345905106
1267,49.08482553907909
1268,47.607126374300584
1269,49.98855214952052
1270,48.794962291215846
1271,49.98855214952052
1272,49.32508923568767
1273,49.49348488397384
1274,49.40059700019613
1275,49.62111351920682
1276,51.03019345648288
1277,51.88243880282166
1278,51.88243880282166
1279,50.278938481118274
1280,51.50696261234546
1281,50.166486421869266
1282,49.02316006461986
1283,50.79772579547107
1284,49.44759943822166
1285,49.44759943822166
1286,50.0604357837357
1287,49.60124169895839
1288,49.11195011579234
1289,49.69732254414837
1290,51.27820421217669
1291,50.94092000783141
1292,51.20995525281268
1293,51.20995525281268
1294,50.2206143035325
1295,49.40830596648441
1296,51.28947098950078
1297,50.56020866343082
1298,50.46754149017855
1299,49.61398497514564
1300,48.4196712659695
1301,50.76304213321701
1302,48.57201297128525
1303,49.55709908611111
1304,48.873882018904304
1305,51.36010332229293
1306,49.81529059439479
1307,50.06745590381164
1308,49.2182302320212
1309,49.62918796360916
1310,50.94141522978098
1311,52.02106127800277
1312,50.33705302150289
1313,50.33705302150289
1314,50.999884446506
1315,52.07321448711251
1316,50.08319598758252
1317,51.985351239249255
1318,49.99533273971928
1319,52.124375361947344
1320,51.03394621799576
1321,50.05206645619438
1322,52.17067090850605
1323,50.083362002753084
1324,50.03336200275308
1325,52.075068389592786
1326,50.308839622541825
1327,51.20576008954162
1328,51.81211596023227
1329,50.893951786767886
1330,50.002803342319176
1331,51.13013182969919
1332,50.58327553644836
1333,51.77879912039618
1334,51.86820983468189
1335,49.172551295342885
1336,49.48605568446273
1337,49.48605568446273
1338,51.85640110287317
1339,50.680741610462356
1340,49.209430718052054
1341,51.906220922692995
1342,51.11380266581748
1343,49.229450334278646
1344,50.09712160512082
1345,49.549970762694784
1346,48.39893671357976
1347,50.07603091648765
1348,49.3404864570558
1349,49.29579053023986
1350,49.4299571696399
1351,48.95683690611433
1352,48.55477760308997
1353,48.929896386192084
1354,48.55477760308997
1355,48.48536614971454
1356,48.87755094200495
1357,48.470331353215805
1358,48.69953649208706
1359,48.470331353215805
1360,48.75584418439475
1361,48.92071836421406
1362,48.460998467935696
1363,48.470331353215805
1364,48.47858422677902
1365,48.38627653447133
1366,48.47911967172624
1367,49.38113186723831
1368,48.22665964245548
1369,48.86802554207469
1370,48.86802554207469
1371,49.38113186723831
1372,49.64662109807097
1373,49.91183991573481
1374,50.4766674897809
1375,49.81875366236554
1376,48.75774887117527
1377,49.170868178035036
1378,50.653952539169524
1379,50.15784113055046
1380,51.16989375290271
1381,50.17339397064064
1382,50.70711567761698
1383,50.727115677616986
1384,50.21117446388379
1385,51.16989375290271
1386,50.20546926989975
1387,51.08354849887883
1388,51.024431001954255
1389,51.58289021758499
1390,51.29754362144978
1391,51.80289021758499
1392,50.13653715729281
1393,49.66982412073746
1394,49.81539720252584
1395,49.161979421214355
1396,48.38213263440837
1397,49.29126233437962
1398,49.29126233437962
1399,47.680213299357455
1400,47.680213299357455
1401,49.83299649768576
1402,50.20858703777059
1403,50.07715846634203
1404,48.390741480196795
1405,50.07715846634203
1406,50.93891843577999
1407,50.89332055218211
1408,52.897606103398005
1409,52.075253162221536
1410,52.426143583501705
1411,51.26645954843038
1412,50.84893184869311
1413,51.77301546544289
1414,51.917827126949604
1415,52.03541641266389
1416,51.72041641266389
1417,50.02557185543126
1418,52.03551675010831
1419,49.35132524239952
1420,47.491937771937565
1421,50.71019075700048
1422,50.59643702961122
1423,50.57760742366715
1424,51.252564086156696
1425,51.26234733233268
1426,51.26234733233268
1427,51.252564086156696
1428,49.8763492656602
1429,49.907015932326864
1430,49.2324473507959
1431,49.313939614090444
1432,49.2324473507959
1433,46.93567769716517
1434,47.49369410190279
1435,48.7623472471608
1436,67.85344785622307
1437,60.383556074027254
1438,64.87511980615348
1439,66.10901980294675
1440,63.432392102813346
1441,63.14992908023615
1442,62.32438224152763
1443,63.42494489484431
1444,64.86794065072982
1445,62.37731072859592
1446,57.61878617669916
1447,60.24414239315694
1448,60.346295744580424
1449,59.87692703540617
1450,59.85692703540617
1451,60.57636793918394
1452,59.69812977140395
1453,59.6595812486551
1454,59.60307768086714
1455,59.60307768086714
1456,59.659486520646134
1457,59.81828378464836
1458,59.659486520646134
1459,59.659486520646134
1460,59.11544319216968
1461,59.47859607381892
1462,59.5269744521973
1463,59.5269744521973
1464,59.539635171168705
1465,60.22659121405459
1466,59.75980695036673
1467,60.056430202250105
1468,59.46794841971716
1469,59.44793723215622
1470,60.01005669924769
1471,59.51977893687463
1472,59.51977893687463
1473,59.51977893687463
1474,59.77211367643785
1475,59.40380494950934
1476,59.40380494950934
1477,59.11646119950934
1478,59.46758158474208
1479,59.40558578642274
1480,59.65097040180737
1481,59.65097040180737
1482,59.389720401807374
1483,59.458792128826865
1484,59.458792128826865
1485,59.458792128826865
1486,59.458792128826865
1487,59.458792128826865
1488,59.458792128826865
1489,59.41122795113533
1490,59.38821675700697
1491,59.38821675700697
1492,59.38821675700697
1493,59.38821675700697
1494,59.56240269748484
1495,60.31572316241393
1496,59.331907578263014
1497,59.331907578263014
1498,59.56240269748484
1499,59.331907578263014
1500,59.331907578263014
1501,59.56240269748484
1502,59.37002703168138
1503,59.60052215090321
1504,59.37002703168138
1505,59.37002703168138
1506,59.37002703168138
1507,60.40608779425152
1508,59.28436576517477
1509,59.28436576517477
1510,59.28436576517477
1511,59.31206951484235
1512,59.31206951484235
1513,59.33158273650719
1514,59.33158273650719
1515,59.303722030131155
1516,60.16941420557357
1517,59.303722030131155
1518,59.269058267528635
1519,59.43368541742535
1520,59.37116094844679
1521,59.01918073204493
1522,59.21960005478189
1523,59.21960005478189
1524,59.18217358419366
1525,59.39411268114097
1526,59.39411268114097
1527,59.14011563751072
1528,59.14011563751072
1529,59.98950871844964
1530,59.14011563751072
1531,59.14011563751072
1532,59.093504461742015
1533,59.389722659218414
1534,59.093504461742015
1535,59.093504461742015
1536,59.389722659218414
1537,58.857653779760675
1538,58.77347517675449
1539,59.16002926949777
1540,59.16002926949777
1541,59.45624746697419
1542,59.232936832522995
1543,59.697355436231135
1544,59.361340597213946
1545,59.361340597213946
1546,59.361340597213946
1547,59.33321254843346
1548,59.22364091348021
1549,59.03673530907907
1550,59.03673530907907
1551,59.2073619324557
1552,59.2073619324557
1553,59.18700976899416
1554,59.18700976899416
1555,59.24007130742897
1556,58.76769552256126
1557,58.89590370875709
1558,59.121617994471364
1559,58.81188136879577
1560,58.95584157572028
1561,59.31428772953972
1562,58.95584157572028
1563,59.31604748542733
1564,59.65043970535236
1565,59.23771796026884
1566,59.23771796026884
1567,59.270366425067294
1568,59.204813852360346
1569,59.204813852360346
1570,59.253093422252824
1571,59.26877220951463
1572,59.26877220951463
1573,59.26877220951463
1574,59.806278029130915
1575,60.34331201484038
1576,59.15615256215948
1577,59.15615256215948
1578,59.325041451048364
1579,59.325041451048364
1580,59.325041451048364
1581,59.28706781639676
1582,60.340258963679716
1583,59.31921902398664
1584,59.85672484360293
1585,59.291136853444
1586,59.828642673060294
1587,59.04563840822724
1588,59.04563840822724
1589,60.38082955551021
1590,59.24245659004542
1591,59.779962409661714
1592,59.24245659004542
1593,60.57764773732839
1594,59.28354402322699
1595,59.280363168393954
1596,60.76573527769743
1597,59.13597186404613
1598,59.17929827341205
1599,59.30131366102979
1600,61.05469325443561
1601,59.34522155633837
1602,59.378592151462406
1603,59.55908712544467
1604,61.48966708356283
1605,59.49991528279456
1606,59.397362251033854
1607,59.372195172099715
1608,61.174932907995654
1609,59.372195172099715
1610,61.174932907995654
1611,59.349419675446796
1612,59.45035614180123
1613,59.384077330222034
1614,59.27682733022205
1615,59.27682733022205
1616,59.27682733022205
1617,59.27682733022205
1618,59.50724306957497
1619,59.50724306957497
1620,60.03036221871408
1621,61.11069984489272
1622,59.50724306957497
1623,61.11069984489272
1624,59.49345120486844
1625,59.475153315543146
1626,59.475153315543146
1627,59.43658805043891
1628,59.39006829974303
1629,59.39006829974303
1630,59.39006829974303
1631,59.93447457156956
1632,59.39006829974303
1633,59.39006829974303
1634,59.93447457156956
1635,59.30507443927644
1636,59.110774348599925
1637,59.727857579477885
1638,59.15677392966402
1639,59.04532895012634
1640,59.04532895012634
1641,59.04532895012634
1642,59.48374219370994
1643,59.773032799184776
1644,59.565978593642384
1645,60.0074264170392
1646,59.565978593642384
1647,59.62107543167024
1648,59.97348097505355
1649,59.86588482120737
1650,58.484634968644386
1651,58.963610028083565
1652,58.42601730079987
1653,58.963610028083565
1654,58.322484955369866
1655,61.418593514372745
1656,61.496093514372745
1657,60.57228053686527
1658,60.605842312927045
1659,60.49138389747022
1660,60.45784507870234
1661,60.27049177185988
1662,59.31883780616415
1663,59.92509170886099
1664,59.92509170886099
1665,59.5366084367848
1666,59.33063839064604
1667,59.60739476071276
1668,59.92863423313287
1669,58.893633343934304
1670,60.59411320620309
1671,60.839827491917376
1672,61.03920249191738
1673,60.95402699615752
1674,60.856983422515896
1675,60.60365008918256
1676,60.37729318451882
1677,60.45902611775214
1678,60.454104946472505
1679,60.37081372128247
1680,60.09797198358091
1681,61.605342462463796
1682,54.9321649754617
1683,53.85252641645966
1684,53.53427758051541
1685,55.03860052700154
1686,56.58465686387868
1687,58.298003266921825
1688,58.298003266921825
1689,58.9393252366188
1690,58.48637304575138
1691,57.859601086658095
1692,58.55706319958306
1693,59.1853435829761
1694,58.01877102540729
1695,59.392621408354955
1696,59.216837413559894
1697,59.4468374135599
1698,59.222996853817364
1699,58.58021740607618
1700,59.005378324245676
1701,58.72473545206717
1702,58.156931843510144
1703,59.3449747732881
1704,57.80127761113373
1705,57.183849602386545
1706,56.725012667384945
1707,57.95230347782977
1708,57.256868837603406
1709,57.73042940870167
1710,57.579952295500135
1711,57.339831800566365
1712,56.546311966957425
1713,56.31786499726046
1714,57.59862360512749
1715,58.65535500085002
1716,57.59862360512749
1717,58.50348497978488
1718,58.21914306749605
1719,58.45108035857123
1720,58.51116456909755
1721,59.23962216764052
1722,58.91050865230013
1723,58.86734017007285
1724,58.86734017007285
1725,58.86734017007285
1726,58.72925485261253
1727,58.72925485261253
1728,58.53434244892427
1729,59.12839548341125
1730,59.43985381674459
1731,58.28607267179822
1732,57.722228906216316
1733,60.5109784181658
1734,60.56821670162146
1735,60.51488336828814
1736,61.36160101802745
1737,61.59144050513144
1738,60.36494976318989
1739,59.895581054015636
1740,59.87558105401564
1741,59.92162125796552
1742,60.57637195809875
1743,59.716783790013395
1744,59.678235267264554
1745,59.678235267264554
1746,60.41757469409652
1747,59.678235267264554
1748,59.76282399396327
1749,59.678235267264554
1750,59.70057006902667
1751,59.70057006902667
1752,60.009136946979226
1753,59.70057006902667
1754,59.83781436162692
1755,60.079997505402815
1756,58.8539137951432
1757,59.295848236883245
1758,59.43606667679245
1759,59.64077775370833
1760,59.48444505517084
1761,59.65905615771855
1762,59.57394422000692
1763,59.4254190226907
1764,59.47724953984816
1765,59.4172950885024
1766,59.36127555248286
1767,59.42505218771561
1768,59.36305638939628
1769,59.60844100478091
1770,59.4162627318004
1771,59.336116029837015
1772,59.336116029837015
1773,59.289378181236536
1774,59.327497634654904
1775,59.327497634654904
1776,59.29223883316887
1777,59.225749037250516
1778,59.253452786918096
1779,59.253452786918096
1780,60.23684316923077
1781,59.27296600858292
1782,59.21044153960436
1783,59.31254422052254
1784,59.16098332685764
1785,59.403690183620625
1786,59.039277755740294
1787,58.992666579971576
1788,58.94557780275214
1789,59.04129173992175
1790,58.76115841257051
1791,58.8791711341257
1792,59.05919138772735
1793,59.05919138772735
1794,59.05919138772735
1795,59.19548695980233
1796,59.61774874414963
1797,59.26050271544353
1798,59.26050271544353
1799,59.427248033744974
1800,59.61774874414963
1801,59.26050271544353
1802,59.26050271544353
1803,59.26050271544353
1804,59.427248033744974
1805,59.26050271544353
1806,59.26050271544353
1807,59.427248033744974
1808,59.232374666663034
1809,59.232374666663034
1810,59.232374666663034
1811,59.12280303170977
1812,58.935897427308646
1813,58.935897427308646
1814,59.10652405068526
1815,59.64071133280812
1816,59.08617188722372
1817,58.73712026705345
1818,58.855003693949854
1819,59.136880078498415
1820,59.62076765227434
1821,59.136880078498415
1822,59.54297631839414
1823,59.136880078498415
1824,59.169528543296856
1825,59.05531468038904
1826,59.224203569277925
1827,59.03563385979014
1828,59.03563385979014
1829,59.12683988005838
1830,59.63988884352241
1831,59.123659025225344
1832,59.255781006965165
1833,59.299688902273765
1834,59.333059497397784
1835,59.528572218535274
1836,59.71940037588517
1837,59.46940037588517
1838,59.366847344124466
1839,59.34168026519033
1840,60.119785895443755
1841,61.1283331309611
1842,59.34168026519033
1843,61.1283331309611
1844,59.403097899280084
1845,61.088213985478404
1846,59.24631242331266
1847,59.24631242331266
1848,59.24631242331266
1849,59.44463840863377
1850,59.35955339283363
1851,59.35955339283363
1852,59.88787479453501
1853,59.22866310068733
1854,59.22866310068733
1855,59.27455953236705
1856,59.27455953236705
1857,59.126259022754645
1858,59.45322728680055
1859,59.7425178922754
1860,59.58437835739168
1861,59.53546368673299
1862,59.960826640004626
1863,60.89419677608158
1864,59.53546368673299
1865,59.787686987031435
1866,59.87166717871875
1867,59.87166717871875
1868,59.7640710248726
1869,58.33566732615575
1870,58.277049658311235
1871,58.17351731288123
1872,60.873287919708645
1873,61.41880870354521
1874,61.49630870354521
1875,62.228909427328844
1876,61.87162981407428
1877,60.67573165677368
1878,60.709293432835445
1879,60.28417466232486
1880,59.5865147568046
1881,60.07751418316096
1882,60.06620459233434
1883,61.54826239257598
1884,61.30702050743916
1885,61.22184501167933
1886,61.1101860534223
1887,61.65804473310684
1888,60.61431934483701
1889,60.64170299307944
1890,60.26105084348741
1891,58.242886669779146
1892,60.35641765034195
1893,60.57870722853941
1894,60.8072867362591
1895,60.84644516464768
1896,61.05800520048997
1897,59.31264697256076
1898,59.49305742032195
1899,55.26111113216341
1900,55.286111132163406
1901,55.255671571723845
1902,54.58678863506643
1903,53.83940772365048
1904,53.29776320832807
1905,55.35563385017154
1906,55.77891872412112
1907,55.84776487796727
1908,57.33702776976293
1909,56.832813861883004
1910,58.70321244566808
1911,58.70321244566808
1912,59.213820129650756
1913,59.213820129650756
1914,58.133862258355876
1915,58.90173512628334
1916,59.2547215641768
1917,58.85106564842223
1918,59.1564901047156
1919,59.17652010680156
1920,59.13658573222563
1921,59.41109123910771
1922,59.23530724431265
1923,59.17146668457012
1924,59.235216684570126
1925,58.741152377059485
1926,59.17014601870622
1927,59.29344460404086
1928,59.34841997349899
1929,59.30595042754108
1930,58.00059211147393
1931,57.38316410272674
1932,57.562660277367264
1933,57.84405915135303
1934,57.37867157928946
1935,57.36203324022651
1936,58.824271829678594
1937,58.88284325825002
1938,59.08176834264385
1939,58.07608137811774
1940,59.16262867084487
1941,59.16262867084487
1942,60.02788448504024
1943,59.15416462748056
1944,59.15416462748056
1945,59.15416462748056
1946,59.15416462748056
1947,58.95732931002024
1948,60.020985608538176
1949,60.147985608538185
1950,60.147985608538185
1951,60.147985608538185
1952,60.16064632750958
1953,60.16064632750958
1954,60.5794277571479
1955,60.19982848470435
1956,60.16064632750958
1957,60.020246828502934
1958,60.05942898569769
1959,60.443585821145824
1960,60.482767978340604
1961,60.25818435748424
1962,60.297366514679005
1963,59.964659160168
1964,60.07246906215199
1965,59.7382636411452
1966,59.85144464654334
1967,59.7382636411452
1968,59.89528701107537
1969,59.678309189799435
1970,59.83533255972961
1971,59.53086108235133
1972,59.53086108235133
1973,59.53086108235133
1974,59.687884452281494
1975,59.53086108235133
1976,59.78630438425074
1977,59.49150269852975
1978,59.64852606845993
1979,60.438448521545894
1980,59.64852606845993
1981,59.73688731391437
1982,59.80100221776239
1983,59.889641487048785
1984,59.94319365269809
1985,59.73688731391437
1986,59.475637313914376
1987,59.681943652698095
1988,59.54470904093387
1989,60.35178971462838
1990,59.54470904093387
1991,59.54470904093387
1992,59.54470904093387
1993,60.35178971462838
1994,59.54470904093387
1995,59.47691992528762
1996,59.72304368707094
1997,59.54470904093387
1998,59.54470904093387
1999,59.4645623389705
2000,59.60566931150123
2001,59.49714486324234
2002,59.49714486324234
2003,59.60566931150123
2004,59.47413366911398
2005,59.47413366911398
2006,59.47413366911398
2007,59.55300823995879
2008,59.47413366911398
2009,59.47413366911398
2010,59.47413366911398
2011,59.46275708060355
2012,59.597940830192336
2013,59.46275708060355
2014,59.597940830192336
2015,59.597940830192336
2016,59.46275708060355
2017,59.597940830192336
2018,59.46275708060355
2019,59.597940830192336
2020,59.597940830192336
2021,60.17131763213129
2022,59.597940830192336
2023,59.597940830192336
2024,60.283115326650865
2025,59.500876534021934
2026,59.500876534021934
2027,59.6360602836107
2028,59.481705063433694
2029,59.465617732535904
2030,60.13943548732998
2031,59.465617732535904
2032,59.48478920312413
2033,59.465617732535904
2034,59.465617732535904
2035,59.6360602836107
2036,60.13943548732998
2037,59.465617732535904
2038,59.465617732535904
2039,59.6360602836107
2040,60.13943548732998
2041,59.465617732535904
2042,60.13943548732998
2043,59.493321482203484
2044,59.663764033278284
2045,60.16713923699756
2046,59.523589899862706
2047,59.69403245093753
2048,59.523589899862706
2049,60.19740765465681
2050,60.19740765465681
2051,59.54310312152753
2052,60.21692087632163
2053,59.54310312152753
2054,59.71354567260235
2055,60.08839853561006
2056,59.54310312152753
2057,59.54310312152753
2058,60.21692087632163
2059,59.54310312152753
2060,59.71354567260235
2061,59.66014634070189
2062,59.54310312152753
2063,59.48057865254899
2064,60.21692087632163
2065,59.68568496622632
2066,59.5152424151515
2067,59.5152424151515
2068,59.48057865254899
2069,59.48057865254899
2070,60.05555443192258
2071,59.58268133346715
2072,59.76224902162007
2073,59.43112043980225
2074,60.00609621917586
2075,59.43112043980225
2076,59.43112043980225
2077,60.13461855988743
2078,60.00609621917586
2079,59.61068812795517
2080,60.00609621917586
2081,59.43112043980225
2082,59.39369396921402
2083,59.39369396921402
2084,59.39369396921402
2085,59.39369396921402
2086,59.39369396921402
2087,59.61068812795517
2088,59.39369396921402
2089,59.61068812795517
2090,59.39369396921402
2091,59.39369396921402
2092,60.00609621917586
2093,59.39369396921402
2094,59.61068812795517
2095,59.39369396921402
2096,59.37067075928118
2097,59.58766491802234
2098,59.98307300924303
2099,59.347082793445296
2100,59.95948504340714
2101,59.347082793445296
2102,59.347082793445296
2103,59.564076952186454
2104,59.347082793445296
2105,59.765433123246495
2106,59.29999401622587
2107,59.51698817496702
2108,59.29999401622587
2109,59.21581541321968
2110,58.98451302481024
2111,59.20150718355138
2112,59.11237016766738
2113,59.11237016766738
2114,59.32936432640853
2115,59.76239250019808
2116,59.170286834334036
2117,59.27588382579921
2118,59.820309166864746
2119,59.248330175958785
2120,59.465324334699936
2121,59.89835250848951
2122,59.248330175958785
2123,59.465324334699936
2124,59.248330175958785
2125,59.248330175958785
2126,59.248330175958785
2127,59.4807533727219
2128,59.248330175958785
2129,59.465324334699936
2130,59.321237738984
2131,59.65535918944937
2132,59.531746066259984
2133,59.582011540474134
2134,59.635352215951364
2135,59.478405390782754
2136,59.79541844161339
2137,59.99338869749555
2138,59.582011540474134
2139,59.635352215951364
2140,59.478405390782754
2141,59.531746066259984
2142,59.582011540474134
2143,61.282536388204754
2144,59.531746066259984
2145,59.62042569729016
2146,59.418798772397096
2147,59.507478403427264
2148,59.1048923206938
2149,58.91269015693182
2150,59.63420297079229
2151,59.538047999317314
2152,60.9666298860258
2153,59.35896342290689
2154,58.97834956645245
2155,58.786147402690496
2156,59.59103683992758
2157,59.23242066866555
2158,58.97834956645245
2159,58.786147402690496
2160,58.97834956645245
2161,58.786147402690496
2162,59.59103683992758
2163,59.148976189829085
2164,59.148976189829085
2165,59.06277402606711
2166,59.50904729204216
2167,59.12862402636754
2168,59.06277402606711
2169,59.219644270803144
2170,59.42932929574567
2171,59.19073513747866
2172,59.57115840315328
2173,59.19073513747866
2174,59.124885137178225
2175,59.57115840315328
2176,59.0990305920241
2177,59.479453857698736
2178,58.841683517308375
2179,58.77583351700794
2180,59.22210678298301
2181,58.97768351730838
2182,59.57115840315328
2183,59.105891703504206
2184,59.345426318588395
2185,59.105891703504206
2186,59.345426318588395
2187,59.105891703504206
2188,59.345426318588395
2189,59.345426318588395
2190,59.11535988724316
2191,58.94011528475312
2192,59.39809581316108
2193,59.179649899837315
2194,59.53791438943046
2195,58.94011528475312
2196,59.18945987210136
2197,59.23895756539385
2198,59.56431794707853
2199,59.03421813950496
2200,59.2962773835874
2201,59.71702578875323
2202,59.2962773835874
2203,59.71702578875323
2204,60.18277026316302
2205,59.2962773835874
2206,59.71702578875323
2207,60.18277026316302
2208,59.23082024073026
2209,60.20416308969604
2210,59.293304156302945
2211,59.6515686458961
2212,59.2634687055287
2213,59.15305024308473
2214,59.68421711069453
2215,60.14996158510432
2216,59.19791613282175
2217,59.71702578875323
2218,59.618664537987605
2219,59.24619570271423
2220,59.24619570271423
2221,59.666944107880084
2222,59.26187448997605
2223,59.720156270857075
2224,60.18590074526684
2225,59.26187448997605
2226,59.720156270857075
2227,59.26187448997605
2228,60.18590074526684
2229,59.26187448997605
2230,59.720156270857075
2231,60.18590074526684
2232,59.26187448997605
2233,59.35177974496266
2234,59.26187448997605
2235,61.088375881881156
2236,60.18590074526684
2237,59.26187448997605
2238,60.18590074526684
2239,59.26187448997605
2240,59.720156270857075
2241,59.720156270857075
2242,60.74317240937125
2243,60.18590074526684
2244,60.145467341461355
2245,59.26187448997605
2246,59.720156270857075
2247,60.18590074526684
2248,59.26187448997605
2249,59.720156270857075
2250,59.720156270857075
2251,60.18590074526684
2252,60.18590074526684
2253,60.18590074526684
2254,59.246499027992066
2255,59.26187448997605
2256,60.18590074526684
2257,59.26187448997605
2258,59.720156270857075
2259,60.145467341461355
2260,59.29402569756592
2261,59.752307478446966
2262,61.2146406246316
2263,59.26594352702328
2264,59.72422530790433
2265,60.1495363785086
2266,60.068689448443365
2267,59.2373801467416
2268,60.1209729982269
2269,59.18509659695805
2270,60.068689448443365
2271,59.18509659695805
2272,59.64337837783909
2273,60.068689448443365
2274,59.16139700222653
2275,59.619678783107574
2276,59.619678783107574
2277,60.56318986839889
2278,60.04498985371185
2279,59.16139700222653
2280,59.619678783107574
2281,60.04498985371185
2282,59.16139700222653
2283,59.619678783107574
2284,60.04498985371185
2285,59.202484435408095
2286,59.652394230262054
2287,60.08565860016675
2288,59.19930358057506
2289,60.23307739408087
2290,59.054912276227235
2291,59.533835548253435
2292,60.088686089733045
2293,59.09823868559316
2294,60.38143646952832
2295,59.96550354485767
2296,60.61695430109038
2297,59.38040400529887
2298,60.08029062757793
2299,60.73174138381065
2300,59.41377460042288
2301,59.66197923769951
2302,59.9590453852321
2303,60.11366122270195
2304,60.76511197893466
2305,59.60928732156038
2306,60.57805077914
2307,61.22950153537274
2308,60.73486369577823
2309,61.386314452010964
2310,61.07597648405354
2311,59.54848235201974
2312,59.531713460837096
2313,60.278422958661224
2314,60.345571982220015
2315,60.98174496067498
2316,59.531713460837096
2317,60.345571982220015
2318,60.98174496067498
2319,60.45186793107695
2320,59.657323967044256
2321,60.45186793107695
2322,59.59104515546506
2323,60.38558911949775
2324,61.07226536592657
2325,59.48379515546506
2326,59.48379515546506
2327,60.33509167051817
2328,61.02176791694696
2329,59.48379515546506
2330,59.48379515546506
2331,60.28878249536173
2332,59.48379515546506
2333,60.33509167051817
2334,61.02176791694696
2335,59.48379515546506
2336,60.33509167051817
2337,61.02176791694696
2338,59.48379515546506
2339,61.02176791694696
2340,59.714210894817995
2341,60.56550740987111
2342,61.00008893388119
2343,61.252183656299906
2344,59.714210894817995
2345,60.17840221182988
2346,60.51919823471465
2347,60.98338955172653
2348,60.51767294366254
2349,60.56550740987111
2350,60.9744228181358
2351,61.252183656299906
2352,59.70041903011147
2353,61.23839179159336
2354,59.67367657191719
2355,60.47866391181385
2356,60.42758253985813
2357,60.4754170060667
2358,61.162093252495495
2359,59.67367657191719
2360,60.4754170060667
2361,61.162093252495495
2362,59.67367657191719
2363,60.4754170060667
2364,61.162093252495495
2365,59.63511130681295
2366,59.58859155611707
2367,59.58859155611707
2368,59.58859155611707
2369,60.16070389601372
2370,60.39033199026656
2371,60.39033199026656
2372,61.099436728186745
2373,59.58859155611707
2374,59.58859155611707
2375,60.21977276794399
2376,60.39033199026656
2377,61.97594936532493
2378,59.58859155611707
2379,60.34249752405801
2380,60.39033199026656
2381,59.58859155611707
2382,59.933574552304115
2383,60.39033199026656
2384,61.099436728186745
2385,59.45770126397077
2386,60.26268860386742
2387,60.259441698120256
2388,59.45770126397077
2389,60.53401721630228
2390,61.31775245755746
2391,62.02979135808541
2392,59.45770126397077
2393,60.96854643604044
2394,59.280233832859395
2395,59.503597695650484
2396,59.73851561374042
2397,59.503597695650484
2398,59.33893354967443
2399,61.01444286772016
2400,59.30929760497397
2401,60.239942148712515
2402,60.94904688663271
2403,59.35529718603807
2404,60.183714998174885
2405,59.35529718603807
2406,60.183714998174885
2407,59.24385220650037
2408,60.072270018637184
2409,60.70837651712075
2410,59.24385220650037
2411,59.68226545008399
2412,59.97155605555882
2413,60.79406106259269
2414,61.355056941607224
2415,60.007416520675115
2416,61.378305496520525
2417,59.38390704348415
2418,59.958501850016425
2419,60.60348918991308
2420,60.68768097966537
2421,60.7683949468473
2422,61.329390825861836
2423,60.328240046104064
2424,61.27196302139558
2425,60.328240046104064
2426,61.06759102236435
2427,61.11197528735924
2428,60.797689205220514
2429,61.27196302139558
2430,60.091306285420295
2431,61.817621272981135
2432,59.587556595524056
2433,58.51318499412344
2434,59.32079310531096
2435,58.45456732627892
2436,59.32079310531096
2437,59.38013951053971
2438,58.45456732627892
2439,59.32079310531096
2440,59.38013951053971
2441,59.38013951053971
2442,59.38013951053971
2443,58.351034980848915
2444,59.276607165109716
2445,58.351034980848915
2446,59.276607165109716
2447,59.276607165109716
2448,58.41363282842904
2449,59.20072481216854
2450,58.802509406733414
2451,58.423032149210414
2452,59.55661415415403
2453,61.19401917311049
2454,61.76953995694706
2455,62.20405314155759
2456,62.787386316718866
2457,63.00273051961742
2458,62.07729440080947
2459,61.06752243398504
2460,61.101084210046814
2461,62.80558673550345
2462,61.92502072650934
2463,61.15994462050094
2464,61.012048153363466
2465,60.752194846521014
2466,59.700996921906956
2467,60.42525082460381
2468,60.209081294091874
2469,60.70184529213134
2470,60.73936812759964
2471,59.7706464746391
2472,60.1819550836862
2473,60.925487180644176
2474,60.31360465633578
2475,60.82362490683646
2476,61.0382905994476
2477,60.53013693633321
2478,60.35549047168674
2479,60.35549047168674
2480,60.9047483128394
2481,60.9047483128394
2482,60.9047483128394
2483,60.9047483128394
2484,61.731755676128586
2485,58.9239359264646
2486,61.298653675265335
2487,60.395114539094635
2488,60.436197888032694
2489,60.496781980824736
2490,60.36315855207477
2491,60.61889020701875
2492,60.40397349265202
2493,59.34980740494001
2494,60.734228957119804
2495,60.21755057616564
2496,60.44346306817938
2497,59.99163885960756
2498,59.160250646097296
2499,60.16908260089574
2500,59.65615489575105
2501,60.06871304597292
2502,60.480836836355714
2503,60.37671304597292
2504,60.480836836355714
2505,60.480836836355714
2506,59.94035829725722
2507,60.17273101136009
2508,60.17697160275794
2509,59.91746745993611
2510,59.84192844884328
2511,60.55523561733813
2512,59.383591016277606
2513,60.24231229731151
2514,58.74181969817881
2515,58.365114771718275
2516,55.68944958288675
2517,55.785656300187426
2518,56.50687816165929
2519,55.785656300187426
2520,55.9494031284501
2521,57.70575317749067
2522,56.8757452558654
2523,57.08749208412807
2524,56.98128853856472
2525,55.84630968831634
2526,55.73318984991235
2527,56.20342602509616
2528,55.64630968831634
2529,55.226194474528995
2530,54.75770162843981
2531,54.7308804913345
2532,54.64467694577116
2533,56.313574460988065
2534,56.14574440526515
2535,55.71101441972574
2536,56.358907430475234
2537,55.77346315922155
2538,57.57644945786969
2539,57.426145487072844
2540,58.77213657371662
2541,59.24312629635308
2542,59.024493934169506
2543,58.892544883590155
2544,58.23096626016098
2545,58.939882343183115
2546,59.14482827406287
2547,59.058605095925216
2548,57.84294799208445
2549,59.058605095925216
2550,56.81179349008189
2551,59.41159153381868
2552,57.74594444269835
2553,56.69643672943184
2554,59.25973026557346
2555,59.29869661281902
2556,59.34601992183227
2557,59.29022361287807
2558,59.24022361287807
2559,58.25900415284718
2560,56.9427650995874
2561,59.24022361287807
2562,56.9427650995874
2563,56.9427650995874
2564,59.2369451249651
2565,59.2369451249651
2566,59.356945124965094
2567,59.30496675299173
2568,59.30496675299173
2569,57.14107829367331
2570,59.36871675299173
2571,59.484334767536396
2572,58.6257267589168
2573,57.334932692043175
2574,59.07463190645658
2575,57.19231269989016
2576,59.07463190645658
2577,59.07463190645658
2578,59.18941747561047
2579,59.764762059747724
2580,59.55223919529033
2581,59.60721456474847
2582,57.82212469286294
2583,58.525957001385784
2584,56.67173610662764
2585,57.817212330912064
2586,57.2111368352251
2587,57.853044359159924
2588,58.259707291157845
2589,58.690651961127195
2590,58.4856519611272
2591,58.42068948457936
2592,59.22768125463514
2593,56.95437890866914
2594,58.087911264436215
2595,58.850007776605544
2596,58.825084404958034
2597,58.55179227595365
2598,58.75257561731724
2599,59.52990238620538
2600,59.109345196138776
2601,58.85170596707407
2602,59.025474620784635
2603,59.42547494928882
2604,59.465770657485535
2605,59.90343804185072
2606,60.614659297135056
2607,58.462160685338375
2608,58.53716068533838
2609,58.53716068533838
2610,58.53716068533838
2611,58.547744814770695
2612,58.547744814770695
2613,57.670482408634236
2614,58.434535443121234
2615,59.17302415098175
2616,50.94772579547107
2617,50.618779438850034
2618,66.0006405785012
2619,67.97257345518192
2620,67.82741960902807
2621,65.24549487827089
2622,68.29180121131995
2623,65.83951991527283
2624,65.64308423021653
2625,68.2099472112118
2626,66.19947569897516
2627,65.9714840429188
2628,67.18678202747768
2629,66.24505137303412
2630,69.40310005791196
2631,68.2273364570353
2632,66.57136288281873
2633,66.26099378988515
2634,67.94590719783872
2635,66.02105177420532
2636,67.70278245813677
2637,69.05637729390858
2638,67.74319629485355
2639,68.8481973211036
2640,67.211927090459
2641,66.08539534153552
2642,66.85712829606737
2643,67.93118637896598
2644,65.65754406738593
2645,66.46682325940841
2646,57.2996264370693
2647,68.46309221828083
2648,63.460022622812424
2649,63.24990798446876
2650,64.69902507985728
2651,63.040682965128184
2652,67.47934524163993
2653,67.49621821671899
2654,65.25892101087645
2655,65.61874264383287
2656,65.36440417450052
2657,67.53800480950925
2658,65.82126115368963
2659,68.42715929631112
2660,65.51438853219182
2661,65.16146843683737
2662,65.97048590345764
2663,65.29216001787367
2664,65.9222740367955
2665,49.00933928972374
2666,49.01987473467095
2667,65.14193963119114
2668,67.49307706500517
2669,61.12939396043213
2670,56.74633002698033
2671,62.46961825438771
2672,65.85401859404342
2673,61.17350614364078
2674,64.87168961620812
2675,51.47342945022939
2676,62.19727683949139
2677,58.052820169212346
2678,57.65528679411535
2679,58.724680767031266
2680,57.8880908145447
2681,59.055991764602716
2682,60.93018321123758
2683,61.18779639808335
2684,56.288338653088914
2685,57.78327737771114
2686,52.01562447481234
2687,56.495153246437866
2688,57.28006601141719
2689,57.41186311161304
2690,58.50018591870341
2691,58.34288121213861
2692,58.768541588108185
2693,58.730567953456585
2694,59.14723069073093
2695,59.25875115721325
2696,59.09985715199212
2697,60.05668222748691
2698,60.10212980726669
2699,59.54921434695971
2700,45.85479454846751
2701,54.91493956973136
2702,58.55678008414503
2703,58.48219675081169
2704,58.48219675081169
2705,58.20125212343819
2706,58.62395336502856
2707,59.71500806448584
2708,60.276228392572094
2709,54.88072307473914
2710,59.559508003060685
2711,59.18492999781378
2712,59.23365632411557
2713,58.89587841346776
2714,58.86780634041108
2715,58.781337624818505
2716,58.781337624818505
2717,59.374713400191816
2718,59.43341738357456
2719,60.677011940762185
2720,59.56437615901298
2721,61.085117293605
2722,63.76889264982226
2723,61.037674862456264
2724,59.86252232031702
2725,59.382587921678144
2726,59.3601099639895
2727,59.33206596196787
2728,59.42679570234395
2729,59.352930771026486
2730,59.62189797416597
2731,59.34567628502693
2732,60.141776505668304
2733,58.940163962456324
2734,59.349721468501826
2735,54.98466386195202
2736,62.46910493216692
2737,65.65744184846454
2738,64.65952995470343
2739,64.33913657235048
2740,63.282926500300235
2741,63.05402847873321
2742,63.52560888243423
2743,52.66908929218903
2744,53.27701249523817
2745,61.84006953714337
2746,60.40746522249759
2747,60.42041951605772
2748,60.35560284610447
2749,60.399087482788076
2750,57.04872429650358
2751,58.715281259210194
2752,58.64440365443916
2753,58.8845492628241
2754,59.42828408198224
2755,59.61911223933213
2756,59.93291600138504
2757,59.31812485706667
2758,60.12945489746578
2759,57.46273136164038
2760,56.321945461645306
2761,59.82402724943206
2762,59.119949430442574
2763,59.092088724066535
2764,58.66916404253799
2765,58.2473085095514
2766,59.503248514228396
2767,60.53261838287804
2768,59.85000597907434
2769,63.0228764027901
2770,59.445270870662846
2771,59.32372242472537
2772,59.103901855645375
2773,59.15724253112261
2774,58.996260439680654
2775,60.78668891052358
2776,59.43742941280747
2777,59.43742941280747
2778,60.18359797889385
2779,61.71894309214343
2780,59.36543772768056
2781,63.768280230402354
2782,58.629880200671636
2783,58.585766360803525
2784,58.79499642590663
2785,58.58999642590663
2786,62.02888890655186
2787,59.54362640217681
2788,59.325041451048364
2789,60.07477613644908
2790,59.50724306957497
2791,55.83130287605065
2792,59.60844100478091
2793,59.34719100478091
2794,59.24631242331266
2795,59.35955339283363
2796,59.87166717871875
2797,59.23082024073026
2798,52.92341473377583
2799,51.574945412921025
2800,62.66827113966503
2801,61.113212726711765
2802,65.98316212426255
2803,62.343099418188956
2804,60.95486502426125
2805,62.537949997405406
2806,66.14618011661145
2807,63.453967795892204
2808,52.83501438492074
2809,54.290976611530134
2810,51.440009245591945
2811,52.55021643506416
2812,55.744644100211644
2813,54.72137678700919
2814,55.09982322975176
2815,53.88839644790385
2816,53.90858451632209
2817,53.891675425413
2818,55.39212336468339
2819,54.23327886140811
2820,54.1274893877239
2821,55.33675242901268
2822,55.33675242901268
2823,54.36842194740561
2824,55.94560374770508
2825,55.801964291922765
2826,54.36842194740561
2827,54.36842194740561
2828,54.417596550580214
2829,54.40200271051483
2830,54.40200271051483
2831,54.48866937718149
2832,55.33091563220396
2833,55.68944593523427
2834,55.95386637418495
2835,56.0882870810676
2836,54.91522784696847
2837,53.47746304521405
2838,52.82533942526693
2839,52.14463331353373
2840,51.66633442630109
2841,52.82533942526693
2842,52.39059452092516
2843,53.53229253894227
2844,53.84513626912703
2845,53.332308558942124
2846,54.727088998055955
2847,51.69526225972413
2848,50.955559591201656
2849,50.18100999110343
2850,50.121471896797466
2851,50.07353891338374
2852,48.842434311636495
2853,48.852976622141924
2854,52.98329220208224
2855,52.08701708107914
2856,52.05905438792675
2857,53.01108611457432
2858,52.66658214632035
2859,53.01108611457432
2860,51.85662889058648
2861,52.693472098473464
2862,53.19067037733901
2863,53.03166501518321
2864,53.083800933972476
2865,53.822598715896156
2866,52.63307184407732
2867,51.77842361751408
2868,54.59190131523455
2869,52.49354547336124
2870,52.95842635724421
2871,54.93365181531598
2872,53.37217990092379
2873,50.066434035511236
2874,49.65738396787876
2875,46.31250211129
2876,45.69741593034766
2877,47.06379609012291
2878,45.81011790851738
2879,45.83300252390199
2880,46.020939031838495
2881,45.479870443108354
2882,44.11996594101081
2883,44.340152261531664
2884,45.479870443108354
2885,49.36662787443133
2886,49.355887614691085
2887,51.7726152584853
2888,51.277066572994535
2889,50.663324791003326
2890,50.35979914997768
2891,59.454276362046976
2892,59.53677167966963
2893,58.2646988829733
2894,57.8714907975293
2895,58.282288834134675
2896,57.60491818460891
2897,43.78310719354937
2898,44.30938814295965
2899,45.847085029406536
2900,45.045111884366435
2901,45.73857043598482
2902,48.37998013396984
2903,47.532613935732506
2904,48.47069130858813
2905,46.004091814595206
2906,45.61630329639489
2907,48.18963639969509
2908,43.766770583092246
2909,48.989636399695094
2910,45.45281880039108
2911,49.44949746138539
2912,50.80037254620429
2913,47.4057624841228
2914,47.12545076872526
2915,47.549254532344705
2916,48.05508234691424
2917,48.88857247823076
2918,50.54379928270673
2919,50.54379928270673
2920,50.54379928270673
2921,48.64047078814568
2922,48.62908851247432
2923,49.20943721789565
2924,48.65908851247432
2925,50.55499817513043
2926,49.567370934370736
2927,48.926243701050495
2928,50.500336159405535
2929,48.6943570495424
2930,49.26866648092944
2931,48.926243701050495
2932,49.26866648092944
2933,50.500336159405535
2934,49.19169678395974
2935,48.79102667406876
2936,49.107997975601485
2937,49.18533130893482
2938,50.50071546975037
2939,48.80261061079595
2940,48.64408429500648
2941,50.45495146923184
2942,48.36077756265838
2943,48.895871671208646
2944,48.9581309304679
2945,50.26797692079177
2946,47.9082587023538
2947,50.413142737423115
2948,44.46910733356266
2949,47.85807415124444
2950,44.03711002260696
2951,47.84639794020869
2952,45.72626055615315
2953,44.71330628159876
2954,45.0873612663367
2955,49.34319100396469
2956,45.6515041575131
2957,45.234338354661034
2958,49.35131600396469
2959,45.11429737105447
2960,47.072564364382735
2961,48.36191213174271
2962,46.11650491270204
2963,49.76356909255762
2964,49.48629409842553
2965,49.93511872567503
2966,51.04287663735034
2967,49.08802621169812
2968,49.48583434754407
2969,51.06241249746433
2970,49.955448651434274
2971,50.01473428744168
2972,59.22502975955877
2973,58.57476925203674
2974,59.07315989252097
2975,58.768541588108185
2976,58.65106981839879
2977,58.90591355549118
2978,59.91623235371325
2979,57.86104838057216
2980,58.445794589231525
2981,58.893188210575474
2982,58.55678008414503
2983,58.48219675081169
2984,58.45406870203121
2985,58.59502826155302
2986,59.163315560856105
2987,59.71500806448584
2988,61.412735252360164
2989,58.015447238741636
2990,60.22806469315434
2991,58.89587841346776
2992,58.596108081410186
2993,58.583305228315155
2994,58.19655955756614
2995,58.711007811164336
2996,59.17812301728727
2997,58.781337624818505
2998,60.82663995882987
2999,58.781337624818505
3000,58.81348883240838
3001,60.7829076166362
3002,60.82958617316519
3003,60.37376313037648
3004,60.677011940762185
3005,60.523781814498534
3006,61.036646184637895
3007,60.22076976534967
3008,59.429268785421115
3009,59.61037574007708
3010,60.39355364503967
3011,61.94277542396828
3012,61.085117293605
3013,59.947719931448404
3014,61.46236347210086
3015,63.56489264982227
3016,61.60604100833275
3017,63.79048685272082
3018,58.18523779874305
3019,59.96623164586274
3020,48.88543243393829
3021,64.33133625334949
3022,54.756973192883855
3023,54.30708506434166
3024,53.86913209910278
3025,55.261096280489994
3026,54.56315211714796
3027,56.07922626156365
3028,54.56315211714796
3029,54.38555835970341
3030,54.24791193859578
3031,54.24791193859578
3032,54.33234469208141
3033,54.823535656389346
3034,56.09712426578861
3035,56.09712426578861
3036,54.420293161168466
3037,53.59671251170822
3038,55.04963389660489
3039,55.12860663870475
3040,55.356720673792466
3041,56.55137807382825
3042,54.63193275408299
3043,56.429077171350684
3044,56.6770289785796
3045,54.627678084901966
3046,54.627678084901966
3047,56.143388750743725
3048,55.20645944059876
3049,54.671132565949776
3050,55.28877635266313
3051,54.96118417507969
3052,56.26590354255371
3053,54.82808677248229
3054,55.37261793424988
3055,55.329405463482125
3056,51.2683704232833
3057,52.755464615396434
3058,52.64969867901075
3059,50.64181201165817
3060,52.08505813717521
3061,48.957195346363775
3062,51.44134842274368
3063,49.0851555637295
3064,49.287985799640204
3065,50.98451383706677
3066,48.87067538629799
3067,51.542500619812635
3068,49.1185412336631
3069,51.279825767018316
3070,49.1185412336631
3071,51.46014091150411
3072,51.76639101032311
3073,49.29077652422039
3074,51.76639101032311
3075,51.76249008529451
3076,49.182234644440065
3077,51.59345777701285
3078,50.15944542903034
3079,63.31264014706924
3080,62.946679633802844
3081,48.98749872240344
3082,49.95985005319809
3083,50.18756178551834
3084,51.61155139155036
3085,51.71062421974842
3086,49.320347277841435
3087,50.692320452025314
3088,52.611674983024294
3089,52.55381173516104
3090,51.258423960912396
3091,51.43722750113694
3092,50.7086055771079
3093,52.70913140441783
3094,50.65757992892281
3095,52.31925056794078
3096,52.28109536213629
3097,51.10554158383854
3098,50.16059580273761
3099,52.35869734461328
3100,51.19060010448636
3101,51.609318257150115
3102,50.03467084782223
3103,49.5408023377642
3104,49.65445098028714
3105,50.081105491755196
3106,49.53274422267694
3107,50.081105491755196
3108,49.64782152923251
3109,49.95488109006119
3110,49.46792734726065
3111,49.644278698612
3112,49.13971244537422
3113,50.510920472679715
3114,50.03516755264378
3115,50.05898931518858
3116,51.33978661481264
3117,50.0021825265037
3118,51.158136020921404
3119,52.50009814204671
3120,52.87186231320024
3121,52.873935732076404
3122,45.58969931040707
3123,57.50861241254912
3124,59.15959936926525
3125,59.58622514110549
3126,59.90195276208727
3127,61.35141177999194
3128,63.330233891382086
3129,60.65063618072619
3130,57.92524690426847
3131,57.95821001064539
3132,59.48709389375841
3133,60.021626178924805
3134,59.96447188426063
3135,61.17947845894551
3136,59.684657763485745
3137,61.88618850545888
3138,61.10054489377077
3139,59.60897392858328
3140,67.35358532879555
3141,56.76204035659339
3142,57.8876737325063
3143,56.759790356593385
3144,58.900314966163165
3145,55.663366192345435
3146,66.59430798564624
3147,66.47961906248473
3148,47.23306889789998
3149,50.950810913012646
3150,51.60689850134197
3151,50.477852825217376
3152,52.547636038260016
3153,66.9570785013053
3154,64.79364165644533
3155,65.01970822863355
3156,65.7402816632228
3157,65.75643692441767
3158,66.44774709453897
3159,66.2993935778275
3160,55.935902646334505
3161,59.349721468501826
3162,59.36646336334295
3163,64.67789825453725
3164,65.94110372964617
3165,65.68032508510325
3166,60.91185685650725
3167,65.2341851441174
3168,58.918310961079584
3169,58.96427385416135
3170,64.6443682487697
3171,59.34286440101579
3172,64.38897481451973
3173,56.859477286411646
3174,57.274549367046944
3175,66.39990356461256
3176,51.94024418003602
3177,51.1659231662356
3178,51.224800755715805
3179,51.78971677364845
3180,49.89120595322272
3181,52.23638396283556
3182,52.23638396283556
3183,52.23638396283556
3184,54.40517562387157
3185,54.32184583366333
3186,53.99225894471059
3187,55.2798010703111
3188,55.34991820071794
3189,55.290426070311106
3190,55.290426070311106
3191,54.24672601706935
3192,54.24672601706935
3193,54.29620243640017
3194,55.6017716271801
3195,55.1387634679737
3196,54.29620243640017
3197,55.6017716271801
3198,54.29620243640017
3199,55.74541108296241
3200,54.29620243640017
3201,55.1387634679737
3202,55.63177162718009
3203,54.29620243640017
3204,54.29620243640017
3205,54.29620243640017
3206,54.29620243640017
3207,54.30537703957478
3208,55.80029542167384
3209,54.30537703957478
3210,54.30537703957478
3211,55.308095779402365
3212,54.30537703957478
3213,55.308095779402365
3214,55.308095779402365
3215,54.33900703692383
3216,54.289783199509394
3217,52.37304852398974
3218,54.50557053421679
3219,53.15747024456998
3220,52.59887353222357
3221,51.58059559305747
3222,51.856439828126575
3223,50.73617089062775
3224,49.87653897389644
3225,48.955207948037824
3226,49.81082653031165
3227,50.74674630587135
3228,50.95483533135568
3229,54.202988166607675
3230,52.649879544867
3231,53.037401965550735
3232,53.82680442663526
3233,53.97249442776554
3234,53.76676992393989
3235,53.60132886913538
3236,53.626784584716
3237,52.67526797766708
3238,52.01958109672312
3239,53.21544818533565
3240,53.582154096012545
3241,53.27313714199693
3242,53.6007812735392
3243,54.69412084064377
3244,53.67570006978122
3245,54.73862617734802
3246,52.88406346323271
3247,54.66788543660728
3248,52.546236534183556
3249,51.82664688721306
3250,52.83639725457263
3251,50.895487974834374
3252,53.61154788482304
3253,50.5441993761421
3254,50.14082799483524
3255,50.71548318862563
3256,51.34625296335949
3257,50.38686073964604
3258,45.87582362584703
3259,45.98487124489466
3260,47.49499653357368
3261,44.51257841474537
3262,45.2648127175045
3263,49.05436253311191
3264,49.73160172999243
3265,50.18341927238706
3266,48.92857771184442
3267,49.14578363470414
3268,49.43206356397027
3269,49.43206356397027
3270,50.6261833092669
3271,49.512637583007724
3272,49.53599282244977
3273,49.81365652597456
3274,56.89220469227078
3275,59.67477918137359
3276,59.64859519409895
3277,63.005449364203415
3278,61.7668387771653
3279,61.93565996948275
3280,63.00265664453284
3281,63.29295791620716
3282,61.644161904681404
3283,61.50785781030195
3284,61.17909253172019
3285,61.40173743076784
3286,60.91780099783337
3287,60.708000576194515
3288,61.55022982937361
3289,61.18424180322157
3290,62.532753995165166
3291,62.71401904323359
3292,62.60987708012424
3293,62.532753995165166
3294,62.07273862026512
3295,61.833802533593
3296,61.62487811627452
3297,56.66626683848331
3298,50.06744573463789
3299,50.06744573463789
3300,50.06744573463789
3301,49.453252009254655
3302,48.52814682740717
3303,45.76592673752781
3304,46.74287991157728
3305,46.57368034630418
3306,47.517135335990716
3307,49.663498972354354
3308,46.99265418281686
3309,46.99265418281686
3310,47.491893556418646
3311,47.62073795019627
3312,48.1967302559434
3313,48.49893782290593
3314,46.966325010213765
3315,50.15854244002484
3316,49.24239987255268
3317,48.973159994005876
3318,50.253295436031586
3319,49.928621146253626
3320,49.965776334829805
3321,49.60472979802371
3322,49.965776334829805
3323,50.25249214216359
3324,50.45196675364003
3325,50.20249214216359
3326,50.364293776403144
3327,49.92772924248859
3328,49.92772924248859
3329,50.25532690480949
3330,49.71298335927726
3331,49.68298335927726
3332,49.71071630274706
3333,49.9300547058087
3334,49.6417374471448
3335,50.32656359230974
3336,49.58112385611323
3337,49.277790522779895
3338,49.277790522779895
3339,50.34475486050101
3340,49.175845736549405
3341,49.39071858684023
3342,50.34475486050101
3343,49.175845736549405
3344,50.28475486050102
3345,48.91334573654941
3346,50.28475486050102
3347,48.48066261722802
3348,46.460879397338296
3349,45.41087939733829
3350,45.90525994616799
3351,47.37217012205386
3352,47.117092625598225
3353,45.13128207072513
3354,45.41793361337486
3355,47.117092625598225
3356,47.03478493329053
3357,45.1264181251469
3358,44.902972261947326
3359,48.037137365448935
3360,48.13760923204871
3361,48.953668145655364
3362,46.305266836050485
3363,47.224822976877746
3364,48.520334812322034
3365,45.81846440383358
3366,48.020408329448195
3367,50.005238938421506
3368,49.242962503299815
3369,49.08296250329981
3370,51.581278736600446
3371,48.81939007157038
3372,59.82592908642599
3373,59.16306515169701
3374,58.617669842598616
3375,58.82076026568213
3376,58.86534203077337
3377,59.334868192678435
3378,59.26858938109925
3379,59.27462264371811
3380,58.34967637500547
3381,61.536050506361455
3382,61.70531137592668
3383,62.039740035655285
3384,61.00412472500869
3385,58.410032585558376
3386,58.90755258644858
3387,57.73384784139584
3388,59.83193220060901
3389,55.9738439531304
3390,56.53152455600767
3391,58.69729209131849
3392,58.90601170667031
3393,61.076750396471844
3394,59.25747699876247
3395,59.35095306280361
3396,59.42538025768717
3397,59.79313422420766
3398,60.074240878165554
3399,58.56161008575063
3400,58.66439077857314
3401,61.86154493828678
3402,61.95818658309756
3403,59.16076220838298
3404,58.43556967114825
3405,59.095410433403934
3406,57.98786429090936
3407,57.90959156363661
3408,57.51712167233696
3409,59.06252200529347
3410,59.97033096878076
3411,60.31477862113572
3412,59.95876461826589
3413,59.85000597907434
3414,60.53261838287804
3415,59.87770972874192
3416,59.69978315361797
3417,59.75229029872367
3418,59.46570979583063
3419,59.014118711899485
3420,58.9905307460636
3421,58.30346928307637
3422,59.286823307591895
3423,58.400677220516016
3424,59.438430534159586
3425,58.73941495500375
3426,59.01007141324492
3427,58.963451761621954
3428,59.54436198273147
3429,58.9815201511387
3430,59.55623140576973
3431,58.914088214213514
3432,59.532531811038226
3433,59.56292157890278
3434,59.5999637479634
3435,60.87004541289883
3436,60.56907102434472
3437,59.54467941280746
3438,59.67694085040125
3439,62.34340673851809
3440,59.67694085040125
3441,60.6634610535329
3442,59.59185583460112
3443,59.723375061213325
3444,60.553336174981496
3445,60.40530092706565
3446,61.71894309214343
3447,59.44856562857594
3448,59.44856562857594
3449,62.1253800249662
3450,62.265920271407396
3451,62.33227389362447
3452,58.40095468869912
3453,58.30081942783645
3454,58.300918875219466
3455,58.17680712565788
3456,59.8853356006737
3457,58.8621340142749
3458,58.841634812732764
3459,49.453252009254655
3460,62.808192383227805
3461,55.396787872247636
3462,55.36288073373883
3463,55.24993153333387
3464,55.02913204428566
3465,55.78920606008048
3466,54.89804347044814
3467,54.28345481924933
3468,54.57443750810331
3469,54.19334271468244
3470,55.86256440084764
3471,54.8256464441701
3472,55.83756440084764
3473,54.19334271468244
3474,54.8256464441701
3475,55.858063246084164
3476,54.8256464441701
3477,55.858063246084164
3478,54.277775468168066
3479,55.694994703732874
3480,54.81922720727932
3481,55.74349530379287
3482,54.49599637979372
3483,54.25364436339962
3484,54.7234015244788
3485,54.761506463557126
3486,54.54319963285021
3487,54.97808550785959
3488,56.29337677846178
3489,56.24961401715892
3490,54.63603196284677
3491,56.331614128259474
3492,56.34988817772422
3493,56.59763625586552
3494,56.85547186257106
3495,55.14101879286366
3496,56.69161609168421
3497,54.17243803821221
3498,54.44443318258203
3499,54.083981122900035
3500,54.31524765949398
3501,54.6413420129451
3502,55.195298560145915
3503,54.52638929862479
3504,50.487962294244966
3505,49.86123391496649
3506,52.15804946524093
3507,49.55782303081588
3508,48.41850459830407
3509,48.11558956562433
3510,51.14940297548793
3511,51.28599183251111
3512,48.25884253822224
3513,48.332883850899236
3514,48.45361012925621
3515,48.13714937430885
3516,48.713013803649204
3517,51.04733010285432
3518,48.56967048146447
3519,48.71039364732411
3520,48.933814062198145
3521,51.85003061849823
3522,51.69190561849823
3523,51.5632178356928
3524,51.612974696064065
3525,47.05303914528197
3526,48.34427185701468
3527,46.498685475479675
3528,62.02888890655186
3529,61.36068444859583
3530,61.252265454586
3531,60.347190600323685
3532,61.018293247961346
3533,61.49619114140261
3534,46.449011331418454
3535,48.794962291215846
3536,48.63424050372053
3537,50.982112514095654
3538,48.9144251256057
3539,50.79772579547107
3540,50.94772579547107
3541,49.305850221316014
3542,48.865394089359846
3543,49.51356501620688
3544,50.083362002753084
3545,50.083362002753084
3546,51.103725635522224
3547,51.05372563552223
3548,51.20576008954162
3549,50.876544379360475
3550,51.86820983468189
3551,51.86820983468189
3552,49.48605568446273
3553,51.31837364232462
3554,49.209430718052054
3555,51.906220922692995
3556,51.06342103779682
3557,49.229450334278646
3558,48.17188983274589
3559,49.832815564151545
3560,48.87755094200495
3561,48.75584418439475
3562,48.43925134149891
3563,48.75923311237973
3564,47.87665964245548
3565,49.71290369002097
3566,49.81539720252584
3567,49.95753740325349
3568,48.38711166038005
3569,48.35449483795015
3570,51.68640193683789
3571,50.84893184869311
3572,51.99541641266389
3573,49.8763492656602
3574,59.16002926949777
3575,59.33321254843346
3576,59.255026151869245
3577,63.463682287188085
3578,59.26050271544353
3579,59.34168026519033
3580,59.35356242331266
3581,59.24631242331266
3582,59.87166717871875
3583,63.41708251015352
3584,61.1101860534223
3585,58.19364855025931
3586,60.02788448504024
3587,59.54310312152753
3588,59.634535357340944
3589,60.38558911949775
3590,59.58859155611707
3591,68.81904436925478
3592,66.41804062359637
3593,59.248603046198085
3594,59.94419357945562
3595,60.42054639330842
3596,58.26513979600015
3597,57.40642704320113
3598,57.83166405618814
3599,60.4610873690193
3600,58.54594016753199
3601,59.341573202597274
3602,62.959509615273994
3603,62.21418010500098
3604,55.04721561281914
3605,57.620586652123066
3606,57.840586652123065
3607,56.06769826864569
3608,58.40036918687474
3609,58.16506615657171
3610,59.12709802942151
3611,59.54300878236339
3612,59.625987885522754
3613,59.910447331033666
3614,58.25118917318752
3615,56.866228708612326
3616,56.253301238541525
3617,56.41855311824078
3618,57.16077584822369
3619,56.60708240930966
3620,66.93095781316633
3621,48.71071953674632
3622,49.368317998340984
3623,49.0384251256057
3624,52.51673837331272
3625,49.724053447683225
3626,49.044924028468515
3627,49.01812760823416
3628,50.061922888727025
3629,50.21745275808139
3630,50.512074824217635
3631,53.174437780185265
3632,62.569436723626275
3633,64.38259418067855
3634,64.16514950688223
3635,65.02723882428081
3636,65.32665818453498
3637,65.40145848886256
3638,67.17614256283399
3639,65.70559036943862
3640,65.77942015667267
3641,65.60928058533347
3642,64.43722994890094
3643,64.3088831747074
3644,65.41749536942577
3645,65.76047923660634
3646,65.28832138892976
3647,65.77744024849807
3648,66.1574783341135
3649,65.78205051522679
3650,64.44741142510539
3651,64.48777736860816
3652,64.5843563503314
3653,67.18194381035549
3654,64.69155405977963
3655,65.25008911586464
3656,63.61530232312226
3657,65.45496251683161
